INPUT:text_first,INPUT:text_second,OUTPUT:result,CONFIDENCE:result,vote_type,vote_different,vote_some_details_lost,vote_OK,average,NE,POS,sentence_type_lost
What time is the reservation for?,What is the reservation for?,different,0.9999,3,3,0,0,1,corrupted,,
I will arrive next Thursday and depart on the 14th of March.,I will arrive on the 14th of March next Thursday.,different,0.9999,3,3,0,0,1,ok,verb,
I need the car on the 2nd of March till the 3rd of March at 1:30 in the afternoon.,2nd of march till 3rd of march at 1:30 in the afternoon.,different,1,5,5,0,0,1,ok,,imperative
Picking up in Philly on the 10th would be the best date. I will need the rental from next Thursday and let's see if i can pick up around 3:30 pm.,Picking up in Philadelphia on the tenth would be the best date. I will need the rental from next Thursday and let's see if I can pick up around 4:00 pm.,different,0.9999,2,2,0,0,1,corrupted,,
what city should i look in?,What should I look in?,different,0.9999,12,2,1,0,1.333333333,lost,,
I am leaving from LAX to Las Vegas on March 14th.,I am leaving Las Vegas on March 14th.,different,0.9999,12,2,1,0,1.333333333,corrupted,,
I am departing from San Fran Tuesday next week and will be returning on March 12th.,I am departing from San Fran on March 12th.,different,0.9999,3,3,0,0,1,lost,,
"Hello, I need a bus to Sacramento from Fresno on the 5th of March.","Hello, I need a bus to Sacramento on the 5th of March.",some_details_lost,0.9999,12,1,2,0,1.666666667,lost,,
Where is this restaurant located?,Is this restaurant located?,some_details_lost,0.9919,12,1,2,0,1.666666667,ok,prep,
Please make it a Compact car and I prefer to pick it up at seven in the evening.,Make it a compact car and pick it up at 7 in the evening.,different,0.9999,12,2,0,1,1.666666667,ok,,imperative
Move one thousand two hundred and forty dollars.,move one thousand and forty bucks,different,0.9999,12,2,1,0,1.333333333,corrupted,,
"No, from the 9th of this month for two days.","No, from the 9th of this month.",some_details_lost,0.9999,12,1,2,0,1.666666667,lost,,
Are you interested in tickets for that game?,are you interested in that game?,different,0.9905,12,1,2,0,1.666666667,lost,,
Confirming a reservation for 1 at the Doubletree by Hilton hotel London - Victoria in London on March 1st until March 5th.,Confirming a reservation for one at the Doubletree by Hilton Hotel London on March 5th.,some_details_lost,0.9999,12,1,2,0,1.666666667,lost,,imperative
Can you find some other events on March 3rd? I want to find Rock events.,can you find some other stuff on march 3rd? i want to find rock.,different,0.9999,12,2,1,0,1.333333333,ok,,
I will be starting from Ciudad de Mexico on the 8th and will be returning on March 12th.,I will start from Ciudad de Mexico on March 12th.,different,0.9999,3,3,0,0,1,lost,,
What about Autry Museum of the American West?,What about the American West?,different,0.9999,13,3,0,1,1.5,lost,,
I am traveling from San Francisco to Chicago day after tomorrow.,I am traveling from San Francisco to Chicago tomorrow.,some_details_lost,0.9999,13,1,3,0,1.75,corrupted,,
"Yes there is, would you like the Southwest Airlines flight with 0 layovers which will depart at 9:15 am and cost you $75?","yes there is, would you like the southwest airlines flight with 0 layovers at 9:15 am",some_details_lost,0.9912,12,1,2,0,1.666666667,lost,verb,
There are 4 possible events. There is an event of Eagles vs cowboys at Lincoln Financial Field.,There are four possible events at Lincoln Financial Field.,different,1,3,3,0,0,1,lost,,
There is a showtime at 7 pm in Landmark's Albany Twin.,7 pm in landmark's albany twin,different,0.9999,12,2,1,0,1.333333333,lost,,
I need to find round trip flights on Delta Airlines from Nairobi on March 9th.,i need to find round trip flights on delta airlines from kentago on march 9th.,different,0.9999,12,1,2,0,1.666666667,corrupted,,
"Can you find me round trip flights from Portland, OR on the 11th of March on Delta Airlines?",Can you find me round trip flights from Portland or on Delta Airlines?,some_details_lost,0.9999,13,1,3,0,1.75,lost,,
"You want to cast the song Now That I found You to the TV, right?",Now that I found you to the tv right?,some_details_lost,0.9999,12,1,2,0,1.666666667,lost,,interrogative
"Just to make sure, you want to book a 1 person reservation with a check out on March 12th.",just make sure you want to book a 1 person reservation on march 12th.,different,0.9999,12,1,2,0,1.666666667,ok,verb,
Can you search flights for me? I am leaving from the LAX.,Can you search for me? I am leaving from the law.,different,1,12,2,1,0,1.333333333,corrupted,,
Is the address 200 Jose Figueres Avenue #490 and what time and name should I use for the event?,What time and address should I use for the event?,different,0.9897,12,2,1,0,1.333333333,lost,,
"I found 4 movies including Breakthrough, JT LeRoy, and Searching for Sugar Man.","Breakthrough, JT LeRoy, and Searching for Sugar Man",some_details_lost,0.9999,13,1,3,0,1.75,lost,,declarative
I am looking for dates for an activity or event.,I am looking for dates for an event or event.,different,0.9999,12,2,1,0,1.333333333,corrupted,,
I'll need 4 tickets for a bus leaving Sacramento at 1 in the afternoon.,i need 4 tickets for a bus leaving california at 1 in the afternoon.,some_details_lost,0.9999,12,1,2,0,1.666666667,corrupted,,
"I'm leaving from Seattle, WA and traveling to San Francisco.","i'm leaving from washington, WA and going to san francisco.",different,0.9999,12,1,2,0,1.666666667,corrupted,,
I want to find a comedy movie. Search for movies now showing in Oakland.,i want to find a comedy movie search for movies now in ohio.,different,0.9993,12,2,1,0,1.333333333,corrupted,,
"I would like to stay with Holiday Inn Paris and checking in on March 9th , check out on 12th of March",I would like to stay with Holiday Inn Paris and check out on March 9th.,different,0.9996,13,3,1,0,1.25,lost,,
"I want to rent it in Seattle, WA on March 7th","i want to rent it in washington, WA on march 7th",different,0.9701,12,2,0,1,1.666666667,corrupted,,
There are four of us leaving Sacramento on the 13th of this month.,there are 4 of us leaving california on the 13th of this month,different,0.9999,12,2,0,1,1.666666667,corrupted,,
"I want to leave on the 4th of March from Seattle, WA.","i want to leave on the 4th of march from washington, WA",some_details_lost,0.9999,12,1,2,0,1.666666667,corrupted,,
I have a table for 2 at Spencer's for Steaks and Chops in san Jose the day after tomorrow at 1:15 pm.,i have a table for 2 at spencer's for steaks and chops in san joe the day after tomorrow.,some_details_lost,0.9998,14,1,4,0,1.8,lost,,
I am looking to rent the car till next Tuesday and I can pick the car at 17:30 in NYC. Is it possible?,i'm looking to rent the car till next monday and i can pick the car at 17:30 in NYC is it possible?,some_details_lost,0.9909,12,1,2,0,1.666666667,corrupted,,
Please confirm the following: 3 tickets to Timbers Vs Rsl.,3 tickets to timbers vs rsl,some_details_lost,0.9839,12,1,2,0,1.666666667,ok,verb,imperative
I'm looking for hotels around Nairobi. I want to check in next Thursday and check out March 11th.,i'm looking for hotels around nato. i want to check in next wednesday and check out march 11th,some_details_lost,0.9999,12,2,1,0,1.333333333,corrupted,,
I'm looking for an imax show this Saturday.,i'm looking for an imax show this friday,different,0.9993,3,3,0,0,1,corrupted,,
I would like to leave tomorrow from Atlanta.,I would like to leave today from Atlanta.,different,0.9939,14,4,1,0,1.2,corrupted,,
I need you to get me a rental ride. I need intermediate type at 3:30 in the afternoon on the 10th of March.,I need you to give me a rental ride. I need intermediate typing on the afternoon of the 10th of March.,some_details_lost,0.9953,12,1,2,0,1.666666667,lost,,
Can you search for a bus for 3 people to go there Monday next week?,Can you search for a bus for three people to go there next week?,some_details_lost,0.951,3,0,3,0,2,lost,,
In Paris on the 1st until Saturday this week.,In Paris on the first Saturday of this week.,different,0.9999,12,2,1,0,1.333333333,ok,prep,
"What do you think of Dumbo, How to Train Your Dragon: The Hidden World or Little?",Dumbo - How to Train Your Dragon: The Hidden World or Little?,different,0.9999,12,1,2,0,1.666666667,ok,,
I'm looking for interesting things to do in Berkeley.,i'm looking for interesting things to do in california,different,0.9999,12,1,2,0,1.666666667,corrupted,,
To confirm then you want the compact car from March 2nd at 4:30 pm until March 3rd and will collect it from Salesforce Transit Center.,"to confirm, you want the cd from march 2nd at 4:30 pm till march 3rd and will collect it from Salesforce Transit Center.",different,0.9999,13,3,1,0,1.25,corrupted,,
i want the room for one day only starting next wed.,I want the room for one day only starting next Tuesday,some_details_lost,0.9998,13,1,3,0,1.75,corrupted,,
Huskies Vs Cougars is taking place at Husky Stadium at 8 pm on March 5th.,Huskies Vs Cougars is taking place at Husky Stadium on March 5th.,some_details_lost,0.9882,3,0,3,0,2,lost,,
Please confirm 1 Economy ticket on a bus that leaves from Long Beach to Sacramento on March 10th at 7 am.,1 Economy ticket on a bus that goes from Long Beach to Sacramento on march 10 at 7 am.,some_details_lost,0.9865,12,1,2,0,1.666666667,ok,verb,imperative
Where do you want to leave from and when do you want to leave?,Where do you want to leave?,some_details_lost,0.9964,12,1,2,0,1.666666667,lost,,
Please confirm these details: You want a Luxury ride for 1 seat to Castles N' Coasters.,you want a luxury ride for 1 seat to castles n' coasters,some_details_lost,0.9771,3,0,3,0,2,ok,,imperative
It's a Comedy and the address of the theater is 200 C Street.,The address of the theater is 200 C Street.,some_details_lost,0.9833,3,0,3,0,2,lost,,
What would you like to stay in? When are you examining it? How many people are remaining?,What city would you like to stay in? When are you checking out? How many people are staying?,different,0.9985,3,3,0,0,1,corrupted,,
"Yes, book a table for four for one hour.","Yes, book a table for 4 for 17:30.",some_details_lost,0.9937,13,1,3,0,1.75,corrupted,,
I found 1 movie you might like. How about the movie Stockholm?,i found one movie you might like. how about the movie sweden?,some_details_lost,0.9998,3,0,3,0,2,corrupted,,
"In which City, do you want me to search for the attractive places? Do you have any one in your mind?",Do you want me to search for attractive places in that city? Do you have any one in mind?,some_details_lost,0.9512,3,0,3,0,2,ok,pron,
Where would you like to go and at what time?,Where would you like to go at this time?,some_details_lost,0.9745,12,1,2,0,1.666666667,ok,time,
It'll be for three at eleven in the morning.,It will be three at eleven in the morning.,some_details_lost,1,12,2,0,1,1.666666667,ok,,
Making sure you need a table for 2 today at Moussaka Mediterranean Kitchen in San Leandro 12 pm right?,"You need a table for two today at Moussaka Mediterranean Kitchen in San Leandro, right?",some_details_lost,0.9681,3,0,3,0,2,lost,,
I'm leaving from cdmx this friday and want to come back on the 14th of this month.,I'm leaving from CDMX this Saturday and want to return on the 14th of this month.,some_details_lost,0.9999,13,1,3,0,1.75,corrupted,,
What date do you need the car and at what time?,What date do you need the car at this time?,some_details_lost,0.9999,12,1,2,0,1.666666667,ok,prep,
I would like to start traveling on the third and fourth of March. I want to search for flights from Vancouver.,I would like to start traveling on the 3rd and return on the 14th of March. I want to look for flights from Vancouver.,different,0.9505,3,3,0,0,1,corrupted,,
What about the song Consequences from the album Camila by Camila Cabello?,What about Camila by Camila Cabello,some_details_lost,0.9707,14,1,4,0,1.8,lost,,
The room has been booked. The address is 3600 Wieuca Road Northeast.,The room has already been booked. The address is 3600 Wieuca Road East.,different,0.9999,12,1,2,0,1.666666667,corrupted,,
I want two tickets to the Lizzo event next Thursday.,i want 2 tickets to the lizzo event next week.,some_details_lost,0.9993,3,0,3,0,2,lost,,
"i want a car around 11:30 on the 2nd from Portland, OR.","I want a car around afternoon 1:30 on the 2nd from Portland, OR.",some_details_lost,0.9999,13,1,3,0,1.75,corrupted,,
"Yes, will you be picking up the car in Fresno on March 8th? Also, when would you be returning the car?","Yes, will you be picking up the vehicle on March 8th? Also, when would you be returning the vehicle?",some_details_lost,0.9586,3,0,3,0,2,lost,,
Can you please confirm that you need 3 rooms for the reservation on March 1st?,you need 3 rooms for the reservation on march 1st.,some_details_lost,0.9996,13,1,3,0,1.75,ok,,interrogative
Do you have any options by Alec Benjamin on the Narrated For You album?,do you have any options by alec bennett on the narate for you album?,some_details_lost,0.9999,12,1,2,0,1.666666667,corrupted,,
"In Portland, OR, until 12th of March and I will pick it up a week earlier on March 5th around five pm.","I will pick it up on March 5th, around five pm.",some_details_lost,0.9752,3,0,3,0,2,lost,,
Make sure these are right. You leave from Long Beach to Los Angeles on March 5th. The bus leaves at 2:15 pm and you are 3 people in all and you want Economy Extra tickets.,make sure these are right u go from long beach to los angeles on march 5th and the bus leaves at 2:15 pm and you want economy extra tickets.,some_details_lost,1,3,0,3,0,2,lost,,
How about the Ac Hotel By Marriott Beverly Hills? It's rated at 4.4.,how about the ac hotel by martin beverly hills it's rated at 4.,different,0.9999,12,2,1,0,1.333333333,corrupted,,
"no, i actually want to check out on the 9th of march and check in this friday.","No, I actually want to check out on the 9th of March, and check in this Saturday instead.",some_details_lost,0.979,12,1,2,0,1.666666667,corrupted,,
"The address is 1 Rue de Libourne, 75012. It has a 4.4 rating.","The address is 1 Rue dellie, 75012. It has a rating of 4.4.",different,0.9837,12,2,0,1,1.666666667,lost,,
1198 San Pablo Avenue is the street address.,1198 san paul avenue is the street address,different,0.9999,12,2,0,1,1.666666667,corrupted,,
I'll probably need it from 3:30 pm from Sacramento and I'll be coming back on the 12th so I'll need it until then,i'll probably need it from 3:30 pm from california and i'll be coming back on the 12th so i'll need it till then.,some_details_lost,0.9999,3,0,3,0,2,corrupted,,
I'd like to make a reservation for 3 at a restaurant in Larkspur.,I would like to make a reservation for three at a restaurant in Lakeside.,some_details_lost,0.9571,13,1,3,0,1.75,corrupted,,
I am looking for a bus leaving on the 2nd of this month. I am heading out from Los Angeles,I am looking for a bus on the second of this month. I am going to Los Angeles.,different,0.9999,3,3,0,0,1,ok,prep,
There is no entry fee and the number is 916-442-6802.,The number is 916-442-6802.,some_details_lost,0.9835,3,0,3,0,2,lost,,
I'd like to see what Games are happening on the 5th in Berkeley.,I'd like to see what games are happening on the 5th in b.c.,some_details_lost,0.9732,14,0,4,1,2.2,corrupted,,
"I'm part of a group of 3 that, starting on the 9th of this month, will be traveling from New York City to Philly.",I'm part of a group of 3 starting on the 9th of this month from New York City to Philly,OK,0.9893,12,1,0,2,2.333333333,lost,,
"No, that will be too late. Please book the appointment for 9:45 in the morning.","No, that'll be too late. 9:45 in the morning.",some_details_lost,0.9999,3,0,3,0,2,ok,verb,
"5 restaurants fit your description, how about Bellanico Restaurant and Wine Bar in Oakland?",How about Bellanico Restaurant and Wine Bar in Oakland?,OK,0.9999,12,0,2,1,2.333333333,lost,,
"It's for one person. I want to leave from SD and go to Sacramento, CA on the 12th of this month.",its for one person. i want to leave SD and go to california on the 12th of this month,some_details_lost,0.9999,14,0,4,1,2.2,corrupted,,
Please confirm a flight from Portland to Los Angeles from Delta Airlines departing March 10th and returning March 13th leaving 9:35 am and returning 6:50 am for 1 passenger Economy.,Please confirm a flight from Portland to Los Angeles from Delta Airlines departing March 10th and returning March 13th at 9:35 AM for one passenger.,OK,0.9999,12,0,2,1,2.333333333,lost,verb,
"No, appreciate the help.",no thanks for the help,OK,0.9965,3,0,0,3,3,ok,,
Yes there is a Southwest Airlines flight leaving at 5:50 pm and returning at 4:35 am. Tht total cost is$194.,"Yes, there is a Southwest Airlines flight leaving at 5:50 PM and returning at 4:35 pm. The total cost is approximately $194.",different,0.9999,12,1,2,0,1.666666667,corrupted,,
Would you help me find a bus? I want to leave on Saturday this week and I need 3 tickets.,can you help me find a bus??? i want to leave on friday this week and i need 3 tickets.,different,0.9907,12,1,2,0,1.666666667,corrupted,,
"I will be taking off from New York and going to Seattle, WA.","i'll be taking off from new york and going to washington, WA",some_details_lost,0.9579,13,1,3,0,1.75,corrupted,,
I would like to pick it up afternoon 2 on the 6th.,"I would like to pick it up on Sunday, the 6th.",different,0.9999,12,1,2,0,1.666666667,lost,,
Please confirm 4 tickets for San Francisco from las vegas for today at 2:40 pm economy tickets,Please confirm four tickets for San Francisco from Las Vegas for today at 2:40 PM.,some_details_lost,0.9999,12,0,2,1,2.333333333,lost,,
I need to go see an Ophthalmologist. Can you find me one in Lafayette?,i need to go see an ophthalmologist. can u find me one in louisiana?,some_details_lost,0.9999,3,0,3,0,2,corrupted,,
"Sure, I found 10 places. How about the 3 star AC Hotel by Marriott Chicago Downtown?",sure i found 10 places. how about the 3 star ac hotel by martin chicago downtown,some_details_lost,1,12,0,2,1,2.333333333,corrupted,,
"Please confirm me that you wish to stay at the hotel Amastan Paris, located in Paris for 2 days and you need 3 rooms and your check in date will be on March 4th. Is that right?","Please confirm that you would like to stay at the hotel Amastan Paris, located in Paris for two days and your check in date will be on March 4th. Is it correct?",some_details_lost,0.9798,12,0,2,1,2.333333333,lost,,
I have found 4 flights that would work. There's an American Airlines flight that leaves at 5:25 pm and returns at 2:30 pm that costs $186.,I found four flights that would work. There is an American Airlines flight that leaves at 5:25 pm and returns at 2:30 pm.,some_details_lost,0.9999,12,0,2,1,2.333333333,lost,,
Thanks!Also help me to find a movie with animation. I like movies directed by Dean DeBlois.,thanks for finding a movie with animation... i like movies directed by dean deblois,different,0.9999,12,2,0,1,1.666666667,ok,prep,imperative
Your reserved car will be a cost of seventy dollars.,Your reserved car will be a cost of$72.,different,0.9999,3,3,0,0,1,corrupted,,
It's located at 3421 Cleveland Avenue and starts at 6 pm.,It is located at 3421 Cleveland Avenue and starts at 6:30 pm.,some_details_lost,0.9755,13,1,3,0,1.75,corrupted,,
Let's send 980 dollars to Raghav.,Let's send ninety dollars to Raghav.,some_details_lost,0.9965,3,0,3,0,2,corrupted,,
I like American Airlines will be leaving on the 5th to New Delhi and back on 9th of this month,I like American Airlines and will be leaving on the 5th to New Delhi on the 9th of next month.,different,0.9873,13,3,0,1,1.5,ok,prep,
"The day after tomorrow. I will be back next Friday. I am going to Seattle, WA.","Tomorrow is the day after tomorrow. I will return next Friday. I am going to Seattle, Washington.",different,0.9999,3,3,0,0,1,corrupted,,
I'd like to leave from LAX.,I would like to leave Los Angeles.,OK,0.9978,3,0,0,3,3,ok,,
Great Wall | Chinese Restaurant is a good restaurant which can be found in Berkeley.,Great Wall is a good restaurant in Berkeley.,some_details_lost,0.953,12,0,2,1,2.333333333,corrupted,,
"You probably would enjoy Karura Forest, which is a Nature Preserve.",Karura Forest is a nature preserve.,some_details_lost,0.9829,12,0,2,1,2.333333333,ok,,
"What place will you depart from, and what location do you anticipate traveling to?",What location do you anticipate traveling to?,some_details_lost,0.9945,12,0,2,1,2.333333333,lost,,
Confirming a reservation for 1 on March 13th at 1:30 pm at Akira Japanese Restaurant in San Francisco.,I confirm a reservation on March 13th at the Akira Japanese restaurant in San Francisco.,some_details_lost,0.983,12,0,2,1,2.333333333,lost,,
"At what time, location, and until what date do you want the car?","At what time, location, and when do you want the car?",some_details_lost,0.9665,12,0,2,1,2.333333333,ok,prep,
There is a bus that departs at 9:40 AM with no transfers. It cost four dollars.,There is a bus that departs at 9:40 am with 0 transfers. It cost$43.,some_details_lost,0.9999,13,1,3,0,1.75,corrupted,,
I'd like to get it at 3:30 in the afternoon in San Jose and I need it until the 9th of this month.,"I would like to get it at 3 o'clock in the afternoon in San Jose, and I need it until the 9th of this month.",some_details_lost,0.9672,3,0,3,0,2,corrupted,,
"In Sacramento, CA until the 4th of March.","in california, until the 4th of march.",some_details_lost,0.9945,3,0,3,0,2,corrupted,,
"Okay, so you would like reservations for 2 on March 1st at Bruno's On Fourth in Santa Rosa at 6:45 pm?",ok so you want 2 on march 1st at brunnifer's on 4th in santa rosa 6:45,different,0.9818,12,1,2,0,1.666666667,corrupted,,
The average rating is 4.8.,The average rating is eight.,different,0.9597,13,3,1,0,1.25,corrupted,,
The 1st of March.,The first month of March.,different,1,12,2,0,1,1.666666667,corrupted,,
Aloft Philadelphia Downtown is a 3 star hotel.,aloft philippine downtown is a 3 star hotel,some_details_lost,0.9828,3,0,3,0,2,corrupted,,
I found 3 results. How about Great Wall| Chinese Restaurant in Berkeley?,i found 3 results how about great wall chinese restaurant in boston?,some_details_lost,0.9945,12,1,2,0,1.666666667,corrupted,,
"There's 1 movie I've found called Red Joan, are you interested in that?",there is one movie i've found called red joe... are you interested in that?,some_details_lost,0.9999,12,1,2,0,1.666666667,corrupted,,
Please confirm: 2 economy tickets from Washington to New York on March 11th at 8:10 am.,Please confirm that two economy tickets will be available from Washington to New York on March 11th at 8:10 am.,some_details_lost,0.9999,12,1,2,0,1.666666667,ok,verb,
"Ok, and where are you leaving from?",Where are you leaving?,different,0.9998,12,1,0,2,2.333333333,ok,prep,
I will pick it up next Tuesday and will have it until the 7th of this month.,i'll pick it up next monday and have it till the 7th of this month.,different,0.9999,3,3,0,0,1,corrupted,,
I have 8 hotels including Cambria Hotel North Scottsdale Desert Ridge which is 1 star.,"I have eight hotels, including Cambria Hotel North Scottsdale Desert Ridge.",some_details_lost,0.9844,12,0,2,1,2.333333333,lost,,
There is a 4.6 hotel called Aka University City.,There is a four-and-four hotel called Aka University City.,some_details_lost,0.9613,12,0,2,1,2.333333333,corrupted,,
Please help me find songs from an album Bigger. I'm not really in a good mood.,Please help me find the songs from an album that is bigger. I am not in a good mood.,different,0.9869,12,2,1,0,1.333333333,corrupted,,
I'm leaving from Seattle.,i'm leaving from washington.,different,0.9999,12,2,1,0,1.333333333,corrupted,,
That sounds good. Can you help me book two hotel rooms nearby for March 3rd through March 7th?,That sounds like a good song. Could you help me book two hotel rooms for March 3rd through March 7th?,different,0.9999,12,2,0,1,1.666666667,ok,,
"I've got that all booked. The address is 1 Broadway, and the phone number is 510-990-7007.",I have booked that. The phone number is 510-990-7007.,some_details_lost,0.9976,3,0,3,0,2,ok,,
"No I am leaving on the 3rd from Seattle, WA.","no i'm leaving on the 3rd from washington, WA",some_details_lost,0.9999,2,2,0,0,1,corrupted,,
I'll return it on the 13th of March. I need to pick it up at 3:30 pm.,I will return it on the thirteenth of March. I need to pick it up at 3 p.m.,some_details_lost,0.9999,3,0,3,0,2,corrupted,,
"ok, how many tickets and where are you traveling too? What time would you like to depart?","Okay, how many tickets are you traveling to? What time would you like to end the relationship?",different,0.9977,3,3,0,0,1,ok,verb,
There is 1 showtime for the movie. The show is at 9:30 pm in Century at Hayward.,There is only one show time for the movie. The show is at 6:00 PM in Century at Hayward.,some_details_lost,0.9999,12,1,2,0,1.666666667,lost,,
"I'll book you the Standard car for pick up on March 8th at 5 pm and drop off on March 11th at Heathrow International Airport, is that correct?",I will book you the standard car for pick up on March 8th at 5 PM and drop off at Heathrow International Airport.,some_details_lost,0.9999,12,0,2,1,2.333333333,lost,verb,
What play do you want to visit?,What play do you want to play?,different,1,3,3,0,0,1,ok,verb,
Is the movie Little available and I wish to watch it in Brentwood.,Little is out and I want to watch it in Brentwood!,different,0.9999,12,2,0,1,1.666666667,ok,,interrogative
"You have 3 empty slots for next Friday, you are available from 8 am to 11:30 am.",You have three empty slots for next Friday.,some_details_lost,0.9588,12,0,2,1,2.333333333,lost,,
It's for four people on the 3rd of this month out of LA at 3:30 in the afternoon.,It is for four people on the 3rd of this month out of Los Angeles at 4:00 in the afternoon.,different,0.9999,12,1,2,0,1.666666667,corrupted,,
I have 1 movie. What about little?,I own one movie. What about small?,different,0.9999,12,1,0,2,2.333333333,ok,,
I would like to reserve tickets to the event called Girl In Red happening in Philadelphia on the 5th of March.,I want to reserve tickets to Girl In Red in Philly on the 5th of march.,some_details_lost,0.9879,3,0,3,0,2,lost,,
The phone number of the restaurant is 510-841-2002. Unfortunately there are no tables available for that time frame. Would you like me to try to make a reservation at Dara Thai/lao Cuisine for 3 on March 6th at 1:30 pm instead?,510-841-2002 is the restaurant's phone number. Sorry there are no tables for that time frame. Try to make a reservation at Dara Thai/Lao Cuisine for 3 on march 6th at 1:30 pm?,OK,0.9999,12,0,1,2,2.666666667,ok,,
Can you please confirm that you want to book an appointment with Blossom Ridge Medical Group: Zimmer J Kirk MD at 12:15 pm on March 7th?,Can you please confirm that you would like to book an appointment with Blossom Ridge Medical Group?,some_details_lost,0.9712,3,0,3,0,2,lost,,
There is one that leaves at 11:30 am and there are 0 transfers. The price is$25.,There is one that leaves at 11:30 a.M. and there are no transfers. The price is twenty dollars.,different,0.9685,12,2,1,0,1.333333333,corrupted,,
I found 1 salon in Stanford named Stanford Hair,i found 1 salon in st.lol,different,0.9999,13,3,1,0,1.25,corrupted,,
"I'll get you a 1 Economy bus ticket for Long Beach to Sacramento on March 12th at 10 am, is that okay with you?",I will get you a one economy bus ticket for Long Beach to Sacramento on March 12th at 10 AM.,some_details_lost,0.965,12,0,2,1,2.333333333,ok,,interrogative
1 ticket for something in philippine on march 9th,1 ticket for something in Philadelphia on March 9th.,some_details_lost,0.9999,12,1,2,0,1.666666667,corrupted,,
Where are you arranging to visit?,Where are you planning to go?,OK,1,3,0,0,3,3,ok,,
Captain Marvel is great! What time can I watch it on Sunday this week?,Captain Marvel is a great actor. What time can I watch it this week?,some_details_lost,0.9999,12,1,2,0,1.666666667,lost,,
"No now, Funny Man. Find me some Justin Kelly non-fiction flicks online.",no now funny man. find me some jimmy kelly nonfiction flicks online.,some_details_lost,0.9617,3,0,3,0,2,corrupted,,
"Sure: 1 economy seat for American Airlines flight departing at 9:45 pm on March 5th from Seattle and going to Atlanta. You'll return, boarding the 9:35 pm flight on March 13th?",sure 1 economy seat for american airlines march 5th from washington and going to alabama you'll get back boarding the 9:35 pm flight on march 13?,different,0.9999,13,3,1,0,1.25,lost,,
Please arrange me a cab to go over there.,Please arrange for me to go over there.,some_details_lost,0.9996,14,0,4,1,2.2,lost,,
"My group of 4 will travel between Sacramento and SF, preferably using economy extra tickets.","my group of 4 will travel between sacrament and san joseph, preferably economy extra tickets",some_details_lost,1,12,1,2,0,1.666666667,corrupted,,
"what about lungomare in ohio, it has great food.",What about Lungomare located in Oakland it has great food.,some_details_lost,0.9876,14,1,4,0,1.8,corrupted,,
I will be checking in next Tuesday and I plan to check out on the 11th of this month.,i'll be checking in next monday and i'm going to check out on the 11th of this month,some_details_lost,0.9999,12,1,2,0,1.666666667,corrupted,,
how long did you want the table for?,What time did you want the table for?,different,0.9673,3,3,0,0,1,ok,prep,
"Okay, how much are tickets? What type of movie is it?","Okay, how many tickets are available? What kind of movie is it?",different,0.9999,3,3,0,0,1,ok,verb,
"Can you please confirm that you need tickets for 4 people, for the bus which departs from Fresno on March 5th at 6 pm and arrives in San Diego.",Can you confirm that you need tickets for four people on the bus departing from Fresno on March 5th at 6 PM and arriving in San Diego on March 5th?,some_details_lost,0.9999,3,0,3,0,2,lost,,
Do you wish to plan a visit?,Do you want to make a visit?,OK,0.959,12,1,0,2,2.333333333,ok,verb,
Please get me two tickets to the event that you found for me.,get me 2 tickets if you found it for me.,different,0.9999,12,2,1,0,1.333333333,ok,prep,
How about the AC hotel by marriott chicago downtown? It has a 4.3 rating,How about the AC hotel by Martint Chicago Downtown? It has a rating of 4.3.,different,0.9525,3,0,3,0,2,corrupted,,
Do you want me to book an appointment here?,Do you want me to book an appointment with you?,different,0.9999,12,1,2,0,1.666666667,lost,,
Confirming a March 7th check in at Belltown Inn in Seattle for 1 room and checking out March 11th.,Check in at Belltown Inn in Seattle for a room on March 7th and then check out March 11th.,OK,0.9635,12,1,0,2,2.333333333,lost,verb,imperative
I would like to schedule for 12:30 in the afternoon on the 5th.,I would like to schedule it on the afternoon of the fifth.,some_details_lost,0.9889,3,0,3,0,2,lost,,
Unfortunately I have not been able to make your booking. Shall I try and book a reservation for 2 people at La Folie at 5 pm on March 1st instead?,sorry i can't make your booking. try to book a reservation for 2 people at la folie at 5 pm on march 1st?,OK,0.9999,12,0,2,1,2.333333333,ok,verb,
I'm looking for a bus from Sacramento on Tuesday next week,i'm looking for a bus from california on monday next week.,different,0.9975,3,3,0,0,1,corrupted,,
The car has been reserved for you.,It has been reserved for you.,some_details_lost,0.9891,13,0,3,1,2.25,lost,,
I'd like it from Seattle in the afternoon 1:30 next Friday.,I would enjoy it from Seattle in the afternoon next Friday.,some_details_lost,0.9993,3,0,3,0,2,lost,,
"I am somewhat bored so I want you to help me, to find something interesting to do. What I am looking for is something around Phoenix, AZ. I will be free this Sunday, and I usually enjoy watching Baseball.","I am somewhat bored, so I would like you to help me find something interesting to do. I am looking for something around Phoenix, Arizona. I will be free this Sunday. I usually enjoy watching baseball.",OK,0.9853,12,0,1,2,2.666666667,ok,,
Searched and found an outbound flight from Delta Airlines which leaves at 9:45 pm with 0 stops for which the price of the ticket is $110. Hope this will suit you.,searched and found an outbound flight from delta airlines at 9:45 pm with no stops. Hope this works for you.,some_details_lost,0.9868,12,0,2,1,2.333333333,ok,,
"There are 10 houses available. How about 100 greenwich street, rated 4.4",There are currently ten houses available. How about 100 Greenwich Street?,some_details_lost,0.9999,14,0,4,1,2.2,lost,,
You would like 1 economy ticket on a delta airlines flight from chicago to atlanta that leaves at March 6th at 8:30 am and returning on March 8th at 3:40 pm.,You would like to get one economy ticket on a Delta Airlines flight from Chicago to Atlanta.,some_details_lost,0.9971,3,0,3,0,2,lost,verb,
1500 South Capitol Street SEXUALLY SEXUAL.,1500 South Capitol Street Southeast,different,1,13,3,1,0,1.25,corrupted,,
"Great! Can you confirm the following details, please? You are leaving New York at 7:40 am, on a bus heading for Philadelphia. The bus leaves next Tuesday. The ticket is 1 economy ticket.",i think it is great! can you confirm the following details please. You're leaving New York at 7:40 am on a bus heading to Philadelphia. the bus leaves next thursday 1 economy ticket.,some_details_lost,0.9988,3,0,3,0,2,corrupted,,
"Yes, that would be great! I want to go on the 11th of this month around 4:30 in the evening. I have a date that night that I really want to look good for!","Yes, that would be wonderful. I would like to go on the eleventh of this month around midnight. I had a date that night that I really want to look good for.",some_details_lost,0.9989,13,1,3,0,1.75,corrupted,,
"What is the start and end place of your travel plan and let know the date when you are leaving, so that I can search according to your convenient dates.","What is the start and end of your travel plan, and let me know when you are leaving.",some_details_lost,0.9987,3,0,3,0,2,lost,,
I would like the car rental to begin at half past 12 in the afternoon the 3rd of this month and end on March 8th.,i want the car rental to start at half past 12 in the afternoon and end on march 8.,some_details_lost,0.9999,12,0,2,1,2.333333333,lost,,
"Can you help me find a bus from Sacramento, CA? I don't care what type of ticket it is.",can you help me find a bus from california. I don't care what kind of ticket it is.,some_details_lost,0.9738,12,0,2,1,2.333333333,lost,,
"Which city and what type of food you are interested in like Chinese , Indian or any other thing",Which city and what type of food are you interested in?,some_details_lost,0.9999,12,0,2,1,2.333333333,lost,,
Pick up in SF tomorrow.,Pick up in California tomorrow.,some_details_lost,0.9976,3,0,3,0,2,corrupted,,
What type of ride? Regular or Pool? Are you going to 4058 18th Street A?,What type of ride would you choose? Are you referring to regular or pool? Are you going to 4058 Eightth Street A?,OK,0.996,3,0,0,3,3,ok,,
I will need 2 tickets for next Thursday.,i need 2 tickets for next week.,some_details_lost,0.9975,14,0,4,1,2.2,lost,,
You have 1 ticket.,You need one ticket.,different,0.9999,3,3,0,0,1,ok,verb,
"I have found 10 houses available. I found 1 with a 4.3 rating located at 1 Washington Circle Northwest, Washington, District of Columbia 20037, United States.","i have found 10 houses out there. 1 with a 4.3 rating at 1 Washington Circle Northwest, Washington, D.C.D.",some_details_lost,0.9658,12,1,2,0,1.666666667,lost,verb,
"Yes, I'd like that reservation.","yea, i'd like that.",some_details_lost,0.9999,14,0,4,1,2.2,lost,,
"The balance is$11,329.66 in checking account.","The balance is$1,329.66 in the checking account.",different,0.9999,12,2,1,0,1.333333333,corrupted,,
You're booked. They don't do cosmetic procedures. You can call them at 408-739-6520.,You have been booked. They do not perform cosmetic procedures. You can call them at 408-739-6000.,different,0.9999,12,1,2,0,1.666666667,corrupted,,
It is showing 1 time at 9:30 pm at LandMark's Opera Plaza Cinema.,1 time at 9:30pm at landmarks opera plaza,some_details_lost,0.9995,13,1,3,0,1.75,lost,,
"There are 9 houses available. I have one at 1100 Market Street Hotel Entrance is at, 45 McAllister Street with a 3.6 rating.",There are nine homes available. I have one at 1100 Market Street Hotel Entrance.,some_details_lost,0.9672,12,0,2,1,2.333333333,lost,,
I want to leave from Vegas on Wednesday next week.,i want to get out from vegas on friday next week.,different,0.9999,2,2,0,0,1,corrupted,,
I was able to locate 1 other nice restaurant called Hunan Empire Restaurant located in San Francisco.,i found one other nice restaurant in san francisco.,some_details_lost,0.9956,3,0,3,0,2,lost,,
"I have got 10 Doctors result and one among them is Amita Kachru, MD located in San Francisco working as a Gynecologist","I have received ten doctor's results and one of them is Amita Kachru, MD located in San Francisco.",some_details_lost,0.9745,3,0,3,0,2,lost,,
Would you like to listen to Love Lost by Mattia Cupelli from the album Reminiscence?,love lost by mattia cupelli on reminiscence,different,0.9962,13,3,1,0,1.25,ok,,
"No, I need it for the morning 11:15 on March 11th","No, I need it for the morning of March 11th.",some_details_lost,1,12,0,2,1,2.333333333,lost,,
I would be leaving on the 11th of this month leaving San Diego going to Sydney.,"I'd be leaving on the 11th of this month, san diego going to sydia.",some_details_lost,0.9999,3,0,3,0,2,corrupted,verb,
Thanks. Can you find me a round trip flight from San Fran to the event? I want to return on the 12th of March.,thanks:-) can u find me a round trip flight from san francisco? i want to come back on the 12th of march,OK,0.9984,3,0,0,3,3,ok,,
Booking a shared cab for 2 people to 2501 Winchester Boulevard. Shall I proceed?,Booking a shared taxi for two people at 2501 Winchester Boulevard. Should I proceed with my life?,different,0.9999,12,2,1,0,1.333333333,ok,verb,
I want to eat at The Grill in San Jose at 12:30.,I would like to eat at The Grill in San Jose at 11:30 pm.,different,0.9999,13,3,1,0,1.25,corrupted,,
They are 10 apartments that could work. Casa Pino Condos is a good place located at 1580 Clayton Road # 1 with 3 bedrooms and 2 bathrooms for 3550 dollars at month,There are ten apartments that could work. Casa Pino Condos is a good place.,some_details_lost,0.9999,3,0,3,0,2,lost,prep,
"Great, thanks. Can you check when I'm free Thursday next week?",thanks:) can you check when i'm free on friday next week?,OK,0.989,3,0,0,3,3,corrupted,,
"Do you prefer any type of food like Italian, Indian or anything else?","Do you prefer Italian, Indian, or anything else?",some_details_lost,0.9999,12,0,2,1,2.333333333,lost,,
"Can you please confirm that you want to buy Economy extra ticket for 4 people, for the bus which leaves from Philadelphia on March 5th at 10:10 am to go to New York?",Can you confirm that you want to buy an Economy Extra ticket for four people on March 5th at 10:10 a.m.,some_details_lost,0.9999,3,0,3,0,2,lost,verb,
"At the moment you have 3 empty slots in you calendar, one starting from 8 am to 2:30 pm.","At the moment, you have three empty slots in your calendar, one starting from 8 a.M.",some_details_lost,0.991,12,0,2,1,2.333333333,lost,prep,
I'd like checking.,i'd like to check.,OK,0.9831,12,1,0,2,2.333333333,ok,verb,
I need to look for event dates,i need to look for date dates.,some_details_lost,0.9999,12,1,2,0,1.666666667,lost,,
"Yes it does, fortunately.","Yes, it does.",OK,0.9969,2,0,0,2,3,ok,,
"Okay, that's perfect. I'd like to go ahead and make a reservation. Can you book a room for me next Wednesday? I'd like to stay until the 4th.",That is perfect. I would like to make a reservation. Can you book a room for me next week? I would like to stay until the fourth of July.,some_details_lost,0.9904,14,0,4,1,2.2,corrupted,prep,
Would you want to see this Museum called the Benjamin Franklin Museum?,do you want to see this museum called the benifer franklin muht?,different,0.9999,3,3,0,0,1,corrupted,,
"Okay, that sounds like a good choice.",That sounds like a good decision.,OK,0.9999,12,1,0,2,2.333333333,ok,prep,
I'd like to leave next Monday from SF.,I would like to leave next Monday from California.,some_details_lost,0.9946,3,0,3,0,2,corrupted,,
In which city would you like?,What city would you like?,OK,0.987,12,1,0,2,2.333333333,ok,prep,
"I made a mistake, I'll return the car on the 8th of this month. I'll pick it up in Philly.",I made a mistake and will return the car on the 8th of this month. I will pick it up in Philadelphia.,OK,0.9999,13,1,0,3,2.5,corrupted,,
I am looking for a unisex salon in SFO.,I am looking for a non-isex salon in San Francisco.,different,0.9999,3,3,0,0,1,ok,adj,
Your successful reservation will cost$504.,Your successful reservation will cost five dollars.,different,0.9999,12,1,2,0,1.666666667,corrupted,,
I'm looking for a full-size car in the Sacramento area.,i'm looking for a full size car in the california area,some_details_lost,0.9999,12,1,2,0,1.666666667,corrupted,,
"I'd like to leave next Tuesday. I'm going from Sacramento, CA to San Fran.","I would like to leave next Monday. I am going from Sacramento, California to San Fran.",some_details_lost,0.986,3,0,3,0,2,corrupted,,
"Okay, so the flight's from Philadelphia with 2 passengers.",ok so the flight is from philippine with 2 passengers,different,0.9999,12,1,2,0,1.666666667,corrupted,,
Is a transfer in order?,Is a transfer required?,some_details_lost,1,12,1,2,0,1.666666667,ok,verb,
Can you please confirm that you want to add in your calendar the event called dentist appointment which is for March 4th at 3:15 pm in 535 Pierce Street.,if you want to add in your calendar it's called dentist appointment for march 4th at 3:15 pm in 535 Pierce St.,OK,0.9999,12,0,2,1,2.333333333,ok,,imperative
I'll need it on the 3rd around 4:30 in the evening. I'll drop it off on March 5th.,I will need it on the 3rd around around the evening. I will remove it on March 5th.,some_details_lost,0.998,3,0,3,0,2,lost,verb,
How about canopy by hilton portland pearl district? It has a rating of 4.7,"How about""Canvason"" by Hilton Portland Pearl District? It has a rating of 7.",some_details_lost,0.9586,12,1,2,0,1.666666667,corrupted,,
"Dr. Ruth E. Hoddinott, MD is a general practitioner in daly city",Dr. Ruth E. Hodddinott is a general practitioner in Dallas City.,different,0.9999,12,2,0,1,1.666666667,corrupted,,
Oh Red Joan is okay for me. Can you find me a restaurant there.,oh red jennifer is okay for me. can u find a restaurant there?,different,0.9973,12,2,1,0,1.333333333,corrupted,,
Please confirm to book a table for 2 at Red Jade in San Francisco on March 2nd for the time 4:45 pm.,Please confirm that you would like to book a table for two at Red Jade in San Francisco on March 2nd.,some_details_lost,0.974,12,0,2,1,2.333333333,lost,,
I found 9 attractions. The DISCOVERY Children's Museum in an interesting museum.,I have found nine attractions. The Disney Children's Museum is an interesting museum.,some_details_lost,0.9999,12,0,2,1,2.333333333,corrupted,,
That is perfect. Proceed with reservation.,That's perfect. Proceed with caution.,different,0.9999,3,3,0,0,1,ok,adj,
The game is at Oakland-Alameda County Coliseum and starts promptly at 6 pm. Your ticket purchase was successful. Enjoy the game.,the game is at ohio-alameda county coliseum and starts promptly at 6 pm u got your ticket bought and it worked. enjoy the game.,different,0.9999,12,2,0,1,1.666666667,corrupted,,
I have for you 1 flight with Southwest Airlines.The outbound flight leaves at 4:20 am and return leaves at 1:30 pm.The total cost would be $296.,I have for you one flight with Southwest Airlines. The outbound flight leaves at 4:00 p.m. and the return leaves at 1:30 pm.,different,0.9999,13,3,1,0,1.25,corrupted,,
There are 10 hotels nearby. Ac Hotel By Marriott Paris Porte Maillot is a 4 star hotel that might work.,there are 10 hotels around. a hotel by martin paris porte maillot might work.,some_details_lost,0.974,13,0,3,1,2.25,lost,,
It should be in Campbell.,The movie should be in Campbell.,some_details_lost,0.9999,12,1,2,0,1.666666667,corrupted,,
I'd like to leave next Wednesday.,I would like to leave next Tuesday.,different,0.9999,13,3,1,0,1.25,corrupted,,
Where will you pick it up from?,Where will you find it?,some_details_lost,0.9999,12,1,2,0,1.666666667,ok,verb,
Which date are you checking out?,Which date are you looking for?,different,0.9999,3,3,0,0,1,ok,verb,
Okay sure. Please confirm that you'd like a table for 4 at Locanda Positano in LAfayette from 7:15 pm on March 1st.,I agree. Please confirm that you would like to have a table for four at Locanda Positano in Lafayette on March 1st.,some_details_lost,0.9999,14,0,4,1,2.2,lost,prep,
Please confirm: You want a table for 2 at Shree Indian Cuisine in Petaluma at 6:30 pm on March 2nd.,Please confirm that you would like to have a table for two at Shree Indian Cuisine in Petaluma on March 2nd.,OK,0.9999,3,0,0,3,3,lost,,
Please confirm to book an appointment with the salon at Best Coast Cuts for the time 5:30 pm on March 8th.,Please confirm that you would like to book an appointment with the salon at Best Coast Cuts on March 8th.,some_details_lost,0.9999,12,0,2,1,2.333333333,lost,,
"Booking 2 rooms at radisson blu edwardian, kenilworth in London. The check in date is march 3rd and checkout is march 6th","Booking two rooms at Radisson Blu, Edwardian, Kenilworth in London. The check-in date is March 3rd and the check-in date is March 6th.",some_details_lost,1,3,0,3,0,2,corrupted,prep,
I need to book a car,I need to purchase a car.,different,1,12,2,1,0,1.333333333,ok,verb,
Search revealed 10 songs. Do you like Adorn by Miguel on the Kaleidoscope Dream album?,Searched for ten songs. Do you enjoy the song Adorn by Miguel on the Kaleidoscope Dream album?,some_details_lost,0.9999,12,0,2,1,2.333333333,ok,verb,
I need to leave on the 8th from Seattle and return on the 14th.,I need to leave on the eighth from Seattle and return on the fourteenth.,OK,0.9999,3,0,0,3,3,ok,,
I am going to SD on march 14th.,I am going to SD on March fourteenth.,OK,0.9991,3,0,0,3,3,ok,,
"There is no availability for that time. There's a ticket available at 8:30 am, it costs $26",There is no availability at that time. There is a ticket available at 8:30 am.,some_details_lost,0.9747,3,0,3,0,2,lost,,
+1 206-957-1000,Phone number is 206-957-1000.,some_details_lost,0.9873,14,0,4,1,2.2,lost,,
"I'll be eating in SF. I love Japanese, that would be great.",I will be eating in California. I love Japanese. That would be great.,some_details_lost,0.9999,12,0,2,1,2.333333333,corrupted,,
What date are you referring to?,What date are you checking in?,different,0.9999,12,2,1,0,1.333333333,ok,verb,
What kind of movie interests you?,what kind of movie is that?,different,0.9999,12,2,1,0,1.333333333,ok,verb,
"On March 9th, 11:00 am at the Atelier Salon Willow Glen.",10:30 am at Atelier Salon Willow Glen on March 9th?,some_details_lost,1,12,0,2,1,2.333333333,corrupted,,
"Yes, it's furnished. You can reach them at 925-937-1324.",It is furnished. You can reach them at 925-937-2324.,some_details_lost,0.9701,12,0,2,1,2.333333333,corrupted,,
Please find me a refundable tickets that is traveling from las vegas to san diego on economy flight on the 14th,Please find me a refundable ticket that is traveling from Las Vegas to San Diego on economy flight on the fourteenth.,OK,0.9999,5,0,0,5,3,ok,,
I'd be flying out from SF.,I would be flying out from California.,different,0.9999,12,2,0,1,1.666666667,corrupted,,
"There's another bus departing at 8 am with 0 transfers, it's $26.",There is another bus departing at 8 am with no transfers.,some_details_lost,0.9973,14,0,4,1,2.2,lost,,
I found 10 hotels. What about Best Western of Long Beach? It is rated 3.9.,I have found ten hotels. What is the best Western of Long Beach? The rating is 3.9.,OK,0.9999,12,1,0,2,2.333333333,ok,verb,
There's 24 percent chance of rain on that day. The average temperature is 83 degrees.,There is a 24 percent chance of rain on the day. The average temperature is eighteen degrees.,some_details_lost,0.9999,12,0,2,1,2.333333333,corrupted,,
There is 1 restaurant I have found which is nice called Kaya Restaurant in San Francisco.,I have found a restaurant in San Francisco that is nice.,some_details_lost,0.9986,13,0,3,1,2.25,lost,,
"I'd love to fly with British Airways, but I'm afraid I wont have the time for 9:15 am in the morning and I'm low on cash to pay $188. I have 0 ideas left so tell me the 2 out of your 3 flights.","I would love to fly with British Airways, but I am afraid I will not have the time for 9:15 a.m. I have no ideas left, so tell me the two out of your three flights.",some_details_lost,0.9999,12,0,2,1,2.333333333,lost,,
Thank you! I also wanted to ask about the attractions there. Can you also find me a Museum?,Thank you for your efforts. I also wanted to inquire about the attractions there. Can you find me at the museum?,different,0.9999,2,2,0,0,1,ok,,
i want some noodles and search in california,"I want some Noodles, and search in Berkeley.",some_details_lost,0.9999,13,1,3,0,1.75,corrupted,,
I'll be picking up in LA at 10:30 in the morning and will need it until the 11th of March.,I will be picking up in Los Angeles on the 11th of March.,different,0.9985,14,1,4,0,1.8,lost,,
1518 hill valley apartments it has 1 bedroom and 3 baths,Hill valley Apartments located at 1518 Hill Road is a good one.It has 1 bedrooms and 3 baths.Rent goes for 4950 dollars.,some_details_lost,0.9999,13,0,3,1,2.25,lost,,
Please confirm: renting a standard car from Hartsfield-Jackson International Airport on March 11th at 3 pm. You'll return it on March 14th,Please confirm that renting a standard car from Hartsfield-Jackson International Airport on March 11th at 3 PM is the best option. You will return it on March fourteenth.,OK,0.9985,3,0,0,3,3,ok,,
"Great, let's get that.",Let's get to know that.,different,0.9999,12,2,0,1,1.666666667,ok,verb,
"To confirm, visit at Apricot Pit Apartments on march 5th.","to confirm, go to april pit apartments on march 5th.",some_details_lost,0.9999,3,0,3,0,2,corrupted,,
Need any other assistance?,Is there any other assistance?,some_details_lost,1,12,2,1,0,1.333333333,ok,verb,
What time is first pitch?,how long is first pitch?,different,0.9962,13,3,1,0,1.25,ok,prep,
Confirming a pool ride for 2 to 565 University Avenue.,2 to 565 U.S.A.,different,0.9999,12,2,1,0,1.333333333,lost,,declarative
That's great. Make an appointment at 11:15 on Tuesday next week,That is wonderful. Make an appointment at 11:15 on Monday next week.,some_details_lost,0.9571,13,1,3,0,1.75,corrupted,,
there's a general practitioner in fremont named cheney tamara md.,There is a general practitioner in Florida named Cheney Tamara.,some_details_lost,0.9691,12,0,2,1,2.333333333,corrupted,,
An event I can recommend is Alejandro Sanz which will happen at Cal Coast Credit Union Amphitheater.,alejandro sanz at calcoco credit union amphitheater,some_details_lost,0.9956,13,1,3,0,1.75,lost,,
"Going with four people, I am leaving from KL and traveling to Premium Economy on 10th of this month to Seattle.",I am leaving from KL and going to Premium Economy on the 10th of this month to Seattle.,OK,0.9999,3,0,0,3,3,lost,,
I want to find an expensive barbecue restaurant.,I want to find a cheap BBQ restaurant.,different,0.9999,13,3,1,0,1.25,ok,adj,
Fine. Search for a restaurant there. I love Malaysian cuisine and I can afford intermediate priced food.,i think it's fine! look for a restaurant there. i love malaysia and i can afford it.,different,0.963,12,2,1,0,1.333333333,corrupted,,
What's the city?,What is the city like?,OK,0.9886,12,1,0,2,2.333333333,ok,verb,
What time? Is location at 2380 Sutter Street? Name to use for event?,"what time is that? 2380 Sutter Street, Is it at 2380? name to use for a thing?",different,0.9999,2,2,0,0,1,ok,verb,
Search revealed 10 results. 1512 Barber Shop is located in San Francisco.,Searched for ten results. The address of 1512 Barber Shop is located in San Francisco.,some_details_lost,0.9999,12,0,2,1,2.333333333,ok,verb,
"it's been booked. the number for the dentist is 408-316-8226. no, they don't offer cosmetic services, sorry.","It is booked. No, they do not offer cosmetic services.",some_details_lost,0.9931,3,0,3,0,2,lost,,
I'll need it from the 11th until the 14th of this month and I want to do a pick up around one in the afternoon.,"I will need it from the eleventh until the fourteenth of this month, and I want to pick up around one in the afternoon.",OK,0.9999,3,0,0,3,3,ok,,
Actually check in date is on day after tomorrow and check out is on March 14th.,Check in date is on the day after tomorrow and check out on March fourteenth.,OK,0.9999,3,0,0,3,3,ok,,
Reservation is confirmed. Hope you enjoy over there! and the venue is at 123-01 Roosevelt Avenue.,"Reservations are confirmed. I hope that you enjoy yourself. The venue is located at 123, Roosevelt Avenue.",different,0.9999,12,0,2,1,2.333333333,corrupted,,
The cost is$32.17,The cost is$3.17.,different,0.9999,12,1,2,0,1.666666667,corrupted,,
3 are available for you.One is starting at 6:30 pm on March 14th at Pier 17.The name of event is Ben Harper.,"3 are available for you, one starts at 6:30 pm on march 14th at pier 17.",some_details_lost,0.9999,14,0,4,1,2.2,lost,,
1:31 am leaves jfk international airport,I am leaving JFK International Airport.,some_details_lost,0.9999,3,0,3,0,2,lost,,
202-393-7798,The phone number is 202-393-7798.,some_details_lost,0.9999,3,0,3,0,2,lost,,
please confirm you want to watch Stockholm with subtitles,if you want to watch sweden with subtitles please confirm that.,different,0.9999,12,1,2,0,1.666666667,corrupted,,
What will that run me?,What will happen to me?,different,0.9999,3,3,0,0,1,ok,verb,
"Well, which date are you looking to go?",What date are you looking for?,some_details_lost,0.9524,12,1,2,0,1.666666667,ok,verb,
I am going to Vegas on the 3rd of this month and hope to get back on the 14th. I prefer American Airlines,"I am going to Vegas on the 3rd of this month and hope to get back on the fourteenth. I prefer American Airlines, but I prefer American Airlines.",OK,0.9999,3,0,0,3,3,ok,,
I need at around afternoon 3:30 until 9th of this month.,I need to arrive at around 3:30pm on the 9th of this month.,different,0.9919,12,2,1,0,1.333333333,corrupted,verb,
It is at 881 7th Avenue,"881 7th Avenue, it's at 881",OK,1,12,1,0,2,2.333333333,ok,,
what the hell should i look for?,What area should I search for attractions in?,different,0.9999,13,3,1,0,1.25,corrupted,,
"I'd like to go to LAX airport on the 14th. I will be departing from Fresno, CA.","I would like to go to LAX Airport on the fourteenth. I will be departing from Fresno, California.",OK,1,3,0,0,3,3,ok,,
What else do you have?,What else can you do?,different,1,3,3,0,0,1,ok,verb,
Where are you going to go? Where will you be departing from?,Where will you go? Where will you be leaving?,OK,0.9999,12,1,0,2,2.333333333,ok,verb,
I am departing on the 14th of this month from Paris. I am going to Philadelphia.,"I am departing on the fourteenth of this month from Paris. I am going to Philadelphia, where I will be attending.",some_details_lost,0.9597,12,0,2,1,2.333333333,ok,verb,
Alright thanks I'd like to go see a movie nearby on that day as well.,ok thanks i wanna go see a movie there too.,some_details_lost,0.9523,13,0,3,1,2.25,ok,adv,
"I will be in New York on the 2nd of March, so I would like tickets for an event.",I'm in New York on the 2nd of march so i wanna get tickets,some_details_lost,0.9999,3,0,3,0,2,ok,aux,
What about your current location from which you want to search the bus and let me know the number of tickets required by you.,what about where u wanna search the bus and let me know how many tickets you need.,some_details_lost,0.9834,12,0,2,1,2.333333333,corrupted,,
I want to rent it on march 7th till the 8th of March. I need to pick it up at afternoon 12:45.,i want to rent it on march 7 till the 8th of march i need to pick it up at noon 12:45,OK,0.9999,3,0,0,3,3,ok,,
Check for me please the weather in Nairobi on March 14th,Please check for the weather in Nairobi on March fourteenth.,OK,0.9999,3,0,0,3,3,ok,,
"Yeah, that sounds wonderful. I'd like to pick up the vehicle around 3:30 pm.","Yes, that sounds great. I would like to pick up the vehicle around 3 p.m.",some_details_lost,0.9785,3,0,3,0,2,corrupted,,
I want to a watch a regular showing of Ash Is Purest White. What times is it playing. And I want to watch it in SF.,I would like to watch a regular show of Ash Is Purest White. What times are you playing? I would like to watch it in San Francisco.,some_details_lost,0.9999,12,1,2,0,1.666666667,ok,pronoun,
There are 10 such activities. There is a huskies vs cougars game at husky stadium.,There are ten such activities available. There is a game between Huskies and Cougars at the stadium.,some_details_lost,0.9999,12,0,2,1,2.333333333,corrupted,,
Could you find me something child friendly for free in SF?,Could you find me something child friendly in San Francisco?,OK,1,3,0,0,3,3,ok,,
I'm leaving on the 14th. I'd like to travel in Premium Economy.,I am leaving on the fourteenth. I would like to travel in the premium economy.,OK,0.9793,3,0,0,3,3,ok,,
"Im leaving from Phoenix to Atlanta, GA on 9th of this month.","I am leaving Phoenix, GA on the 9th of this month.",some_details_lost,0.9994,14,0,4,1,2.2,lost,prep,
2 people at ikaros Greek restaurant in ohio at 5:30pm on march 1st,Please confirm your reservation for 2 people at Ikaros Greek Restaurant in Oakland at 5:30 pm on March 1st.,some_details_lost,0.9926,13,0,3,1,2.25,corrupted,,imperative
autry museum of the american west museum,The Autry Museum of the American West museum is an example.,some_details_lost,0.9898,12,0,2,1,2.333333333,lost,,
How would you like the Giants Vs Cardinals at Oracle Park starting at 7:30 pm on next Thursday?,How would you like the Giants versus the Cardinals at Oracle Park?,some_details_lost,0.9916,3,0,3,0,2,lost,verb,
The reaching station is Union Plaza.,Union Plaza is the nearest station.,OK,0.9999,12,1,0,2,2.333333333,ok,adj,
When are you planning to fly?,When are you planning to go on a date?,different,0.9974,14,4,1,0,1.2,ok,verb,
"Please confirm your appointment is at 11:30 am March 12th with Anne Han, M.D.",Please confirm that your appointment will be at 11:30 a.M.D.,some_details_lost,0.9643,12,0,2,1,2.333333333,lost,,
"OKay, see you.",You should see you.,different,1,3,3,0,0,1,ok,verb,
I have 2 dentists. What do you think of Gerald E. Dixon Scott E. Dixon in Sebastopol?,I have two dentists who treat me well. What do you think of Gerald E. Dixon in Sebastopol?,OK,0.9999,3,0,0,3,3,ok,,
I'm looking for something to do. Preferably a rock event in New York. I need something on March 14th.,I am searching for something to do. I would prefer a rock event in New York. I need something on March fourteenth.,OK,0.9999,3,0,0,3,3,ok,,
Where would you like to go to these events?,where do you want to go to these things?,different,0.9999,12,2,0,1,1.666666667,corrupted,,
I would prefer Flexible tickets that leave about afternoon 3:15.,I would prefer flexible tickets that leave around the hour of noon.,some_details_lost,0.9999,3,0,3,0,2,corrupted,,
WHats your interested event?,What is your interest in this event?,different,1,3,3,0,0,1,ok,adj,
Your tickets have been purchased.,You have purchased your tickets.,OK,0.9999,12,1,0,2,2.333333333,ok,voice,
I will be in New York City on March 12th. I have no clue what to do with my time. Find me something to amuse me.,i'm in new york city on march 12! I don't know what to do with my time. find me something to make me laugh.,OK,0.9999,12,1,0,2,2.333333333,ok,verb,
Would you like to book a table.,Would you like to reserve a ticket with table?,different,1,3,3,0,0,1,corrupted,,
Please can you look for March 4th?,u can look for mary 4th?,different,0.9999,12,2,0,1,1.666666667,lost,,
I want to find a doctor.,I would like to see a doctor.,OK,0.9999,12,1,0,2,2.333333333,ok,verb,
how many days would you like to tay,How many days would you like to go on a date?,different,0.9999,12,2,1,0,1.333333333,ok,verb,
What about in Philadelphia on the March 10th.,what about in philippines on march 10th?,some_details_lost,0.9988,3,0,3,0,2,corrupted,,
Would you like to reserve a table now?,do you want to get a table now?,some_details_lost,0.9789,12,0,2,1,2.333333333,ok,verb,
The cab is on it's way it should take around 13 minutes and the cost is $18.70.,the cab should take like 13 mins.,some_details_lost,0.9999,4,0,4,0,2,lost,,
March 14th during morning 10:30,"March 14th, during the morning.",some_details_lost,0.9533,3,0,3,0,2,lost,,
Anything else? I want t watch some comic movies directed by Morton DaCosta.,anything else. i want to watch some comic movies by moron dacosta.,OK,0.9999,12,1,0,2,2.333333333,corrupted,,
There is an event name Mets Vs Braves and it is at Citi Field.,Mets Vs Braves- Citi Field,different,0.9999,12,1,0,2,2.333333333,lost,,
"Okay, you want 3 Economy seat at American Airlines goint to Delhi from Los Angeles on March 3rd until March 14th with an outbound flight leaves at 6:30 am and return flight leaves at 7 pm. Please confirm.",You want 3 Economy Seats at American Airlines going to Los Angeles on March 3rd until March 14th. Please confirm that you are correct.,some_details_lost,0.969,12,0,2,1,2.333333333,lost,,
Thank you! Right now I'd like to watch a comedy film on line. Something directed by Chris Butler.,thanks for ya. right now i wanna watch a comedy movie on line. something by chris barton,some_details_lost,0.9999,12,0,2,1,2.333333333,corrupted,,
Okay! do you wish to travel in the bus leaving at 8 am for there is a Economy ticket that would cost $35.,"Okay, okay! Do you want to travel in the bus leaving at 8 o'clock for an economy ticket?",some_details_lost,0.9927,12,0,2,1,2.333333333,lost,,
USC vs ORLANDO AT LAX,USC vs Oregon at LAX.,some_details_lost,0.9937,13,1,3,0,1.75,corrupted,,
Please confirm you would like to watch the movie Stockholm with subtitles.,"if you want to watch the movie sweden with subtitles, please tell me.",different,0.9783,3,3,0,0,1,corrupted,,
How about the one like 1 Hotel Central Park with 5 star which is the best I think from the 9 results I searched.,"How about the one I searched for,""Hotel Central Park"" with five stars?",some_details_lost,0.9999,12,0,2,1,2.333333333,lost,,
There is one event name is Whitecaps Vs Colorado Rapids which is going to happen at BC place on next friday at 7:30 pm,one thing is whitecaps vs colombia rapids next friday at 7 pm BC,different,0.9508,12,2,1,0,1.333333333,lost,,
4 pm at AMC NewPark 12.,There is 1 showtime for the movie at 4 pm at AMC NewPark 12.,some_details_lost,0.9999,3,0,3,0,2,lost,,
"i'm going to california, from long beach.","I'm heading to Sacramento, CA from Long Beach.",some_details_lost,0.9963,3,0,3,0,2,lost,,
"Can you please confirm thta you want a compact class Cooper available for pick up from Fresno Station on March 8th, due for drop off on March 9th at 6 pm.",if you wanna pick up a compact class cos fresno station on march 8th at 6pm,different,0.9999,12,2,1,0,1.333333333,lost,,
Alright. I've booked your appointment. The rating for this dermatologist is 4.7.,"Okay, alright. I have scheduled your appointment. The rating for this dermatologist is 4.",some_details_lost,0.9987,13,0,3,1,2.25,corrupted,,
I will be leaving Fresno on the 14th. I am heading to LAX.,I will be leaving Fresno on the fourteenth. I am going to Los Angeles.,OK,0.9814,3,0,0,3,3,ok,,
Can you confirm these details before I buy? 4 economy tickets for the 7 am bus on March 10th that leaves from Los Angeles and arrives in Anaheim.,"Can you confirm these details before I purchase them? There are four tickets for the 7 am bus on March 10th, which leaves Los Angeles and arrives in Anaheim.",OK,0.9831,3,0,0,3,3,ok,,
I'd like to book tickets.,I would like to purchase tickets.,OK,0.9999,12,1,0,2,2.333333333,ok,verb,
I'd like to start my trip on 2nd of this month and come back on 14th of March 2019.,I would like to start my trip on the second of this month and come back on the fourteenth of March 2019.,OK,0.9937,3,0,0,3,3,ok,,
Your calendar has been updated.,You have been updated to your calendar.,different,0.9999,12,2,1,0,1.333333333,ok,actor,
Yes. Go ahead and book it for 12:15 pm.,"yea, yeah. go ahead and book it for 12:15",some_details_lost,0.9659,13,0,3,1,2.25,lost,,
"Preference on Compact, Full-size or a different kind, I also need to know when you want it from?","i also need to know when you wanna get it from...compute, full size or something.",different,0.9502,3,3,0,0,1,lost,,
Please give confirmation details: Your fixing visit to Alpine Vista Apartments on march 1st,"if you go to Alpine Vista Apartments on march 1st, please tell me.",different,0.9999,3,3,0,0,1,ok,verb,imperative
"I'm interested in Water Seed, it should be on the 14th around Napa.",I am interested in Water Seed. It should be on the fourteenth around Napa.,OK,0.9998,4,0,0,4,3,ok,,
Do you prefer any event?,Do you want any thing?,different,0.9867,3,3,0,0,1,ok,verb,
I would like it at afternoon 1:15.,"I would like it at noon, 15 minutes.",different,0.9765,12,1,2,0,1.666666667,corrupted,,
Let me double check with you the title should be Hairdresser appointment and it should go in the March 7th 11:30 am slot with 1047 Lincoln Highway suite 101 for the location right?,Let me double check with you. The title should be hairdresser appointment on March 7th.,some_details_lost,0.9786,3,0,3,0,2,lost,,interrogative
I'd like to return on the 14th of March. I want to leave from LAX and go to Atlanta.,I would like to return on the fourteenth of March. I would like to leave from LAX and go to Atlanta.,OK,0.9999,3,0,0,3,3,ok,,
I want to check the weather condition on the a particular date that is March 9th for which I need your help.,i want to check out the weather condition on marth 9th for you.,some_details_lost,0.9999,3,0,3,0,2,corrupted,verb,
Please confirm the details once more. The event is Atlanta Summer Organ Festival and the total number of tickets is 4.,"if you want to confirm it again, please tell me! it's agata summer organ festival and the total number of tickets is 4.",different,0.9966,3,3,0,0,1,corrupted,,
Leaving when please?,Leaving when you want?,different,0.9989,3,3,0,0,1,ok,prep,
"What type of food do you prefer?You like Indian, Mexican or something else?",what kind of food do you like?,some_details_lost,0.9999,14,0,4,1,2.2,lost,,
Would you like to see Pet Sematary?,do you want to see pet sex?,different,1,12,2,1,0,1.333333333,corrupted,,
I will be leaving from San Fran and going to LA this Saturday.,i'm going to las san francisco this friday,different,0.9999,13,3,1,0,1.25,corrupted,,
have a good one,You should have a good one.,some_details_lost,0.9999,12,1,2,0,1.666666667,ok,,
The following details need to be confirmed. I am booking a table at Caspian Village in San Jose. It is for 2 people on March 11th at 11 am.,the following details have to be confirmed i'm booking a table at caspian village in san joseph it's for 2 people on march 11 at 11 am.,OK,0.9873,3,0,0,3,3,corrupted,,
The event is taking place at the Yankee Stadium and starts at 8:30 pm. I have confirmed your reservation. Have a great time!,The event starts at 8:30 p.m. I have confirmed that you have made a reservation. Have a wonderful time!,some_details_lost,0.9999,12,0,2,1,2.333333333,lost,verb,
The average temperature will be 81 degrees Fahrenheit for the normal day.,There is a probability of 8 % rain and the average temperature will be 81 degrees Fahrenheit for the normal day.,some_details_lost,0.9915,13,1,3,0,1.75,lost,,
"Just 1 showtime at Rheem Theatre on that day, specifically at 7:30 pm.",There is only one showtime at the Rheem Theatre on that day.,some_details_lost,0.9524,12,0,2,1,2.333333333,lost,,
I am flying out of LAX on the 6th. I don't care which class you book me a seat in.,I am flying out of Las Vegas on the 6th. I do not care which class you book me a seat.,OK,0.9944,3,0,0,3,3,ok,,
Before I proceed please verify the information I have is correct. You would like to check in to 1 room at the hotel located at 45 Park Lane in London on March 3rd and check out on March 6th.,"Before proceeding, please verify the information I have. You would like to check in to a hotel located at 45 Park Lane, London on March 3rd and then check out on March 6th.",OK,0.9845,3,0,0,3,3,ok,prep,
Let me check. I show 5 cars which may be of interest to you and available for pickup on next Tuesday at Port Authority Station. How does a Chevrolet Equinox sound? This is a Full-size car as you requested.,let me check:) i show 5 cars that might be interesting to you and get picked up next week at port authority station. how does a Chevy Equinox sound? this is a full size car like you asked it.,some_details_lost,0.9999,3,0,3,0,2,lost,,
On March 7th,"On March 7th, the date is March 7th.",some_details_lost,0.9999,13,1,3,0,1.75,lost,,
"Okay! I've found 1 restaurant, Pearl Garden Restaurant, which is a good one located in San Ramon.","Okay, okay! I have found a restaurant in San Ramon.",some_details_lost,0.9999,12,0,2,1,2.333333333,lost,,
The pick-up time would be Friday evening.,The pick up time would be evening 4:30.,some_details_lost,0.9926,12,1,2,0,1.666666667,lost,,
"The city of departure is Anaheim, CA. I want to leave on March 7th","The city of departure in Anaheim, CA is the city of departure. I would like to leave on March 7th, as well.",some_details_lost,0.9913,3,0,3,0,2,ok,adv,
Number of tickets?,How many tickets do you have?,different,0.9999,12,2,0,1,1.666666667,ok,verb,
The vegas movie sounds great.,"The movie ""Vengas"" sounds great.",different,0.9826,12,2,0,1,1.666666667,corrupted,,
Thanks. I need to reserve a small rental car until Thursday next week.,Thank you for the information. I need to reserve a small rental vehicle until next week.,some_details_lost,0.9758,12,0,2,1,2.333333333,lost,,
check out next monday at courtyard by marriott new york downtown manhattan/world trade center in ny.,Please confirm your booking of 1 rooms for 4 days checking in next monday at Courtyard by marriott new york downtown manhattan/world trade center area in New york,different,0.9779,13,3,1,0,1.25,lost,,imperative
I will depart from Vancouver.,i'll go to Vancouver and get out of there.,different,0.9841,12,2,0,1,1.666666667,ok,prep,
One hundred and a half dollars. I have reserved your vehicle.,$102. I've reserved your car.,different,0.9698,3,3,0,0,1,corrupted,,
What would that set me back?,What would that cause me to be upset?,different,0.9949,13,3,1,0,1.25,ok,verb,
Would you like to continue and purchase this bus ticker?,"if you want to buy this bus ticker, why don't you?",different,0.998,13,1,3,0,1.75,ok,verb,
dumbo it is then,It is dumbote.,different,0.9999,3,3,0,0,1,ok,adj,
Okay thanks. Is there anything else? How about on the 5th of March? I'd like 3 tickets.,ok thanks... Is there anything else to it? How about on the 5th of mars? i'd like 3 tickets,OK,0.9994,3,0,0,3,3,corrupted,,
I found a Delta airlines flight that leaves at 3:35 pm with 1 stop. It costs$351.,i found a delta airlines flight that leaves at 3:35 pm with 1 stop it costs$$$$$$$$$$$$$$$$$$$$$$$$$$$$$$$$$$$$$$$$$$$$$$$$$$$$$$$$$$$$$,some_details_lost,0.9607,12,1,2,0,1.666666667,lost,,
No problem. Please confirm the following for me: You are scheduling a visit to the Carlmont Heights Apartments on March 13th. Correct?,"no problem, no problem. if you're going to the carlmont heights apartment on march 13 huh, right?",some_details_lost,0.9999,12,1,2,0,1.666666667,ok,,imperative
The average rating is 3.9,The average rating is 9 out of ten.,different,0.9999,3,3,0,0,1,corrupted,,
Yes Red Joan is perfect one.,yea red jennifer is perfect.,different,0.9999,12,2,1,0,1.333333333,corrupted,,
That will be,That will be the outcome.,different,0.9901,12,2,1,0,1.333333333,ok,,
At afternoon 12.,"At the afternoon, 12 years old.",different,0.9999,12,1,2,0,1.666666667,corrupted,,
"Yes, let me know your interested type of food like Mexican, Indian or any other type you like to search?","Yes, let me know what type of food you would like to search for.",some_details_lost,0.9999,13,0,3,1,2.25,lost,,
I will be departing from NYC at Wednesday next week.,i'll be leaving from NYC on monday next week,different,0.9996,12,2,1,0,1.333333333,corrupted,,
Yes I will be happy to help. Do you have a preference on what kind of event you would like to attend and where you would like to attend this event?,yes i'll be happy to help. do you like what kind of event u wanna go to and where u wanna go?,some_details_lost,0.9978,3,0,3,0,2,lost,,
they don't drink.,They do not serve alcohol.,different,0.9878,3,3,0,0,1,ok,verb,
The phone is +1 917-409-0800.,917-409-800,different,0.9999,12,2,1,0,1.333333333,corrupted,,
SOunds great thanks.,SOOOOOOOOOOOOOOOOOOOOOOOOOOOOOOOOOOOOOOOOOOOOOOOOOOOOOOOOOOOOOOOOOOOOOOOOOOOOOOOOOOOOOOOOOOOOOOOOOOOOOOOOOOOOOOOOOOOOOOOOOOOoooo,different,0.9999,12,2,1,0,1.333333333,ok,verb,
Please confirm an appointment for 17 Jewels Salon on March 2nd at 10:15 am.,17 Jewels Salon- March 2nd 10:15,some_details_lost,0.9945,3,0,3,0,2,lost,,imperative
"Yes I do. I want a Arizona vs LA Dodgers game that takes place in Phoenix, AZ on the 8th of March.",I do. I would like to see a game between Arizona and LA Dodgers on the 8th of March.,some_details_lost,0.9504,12,0,2,1,2.333333333,lost,,
I need your confirmation to book a Compact Kia Forte Car at O'Hare International Airport on March 5th.,Need your confirmation to book a Compact kia Forte Car at O'Hare International Airport for the pickup date on March 5th at the time 4:30 pm to March 7th.,OK,0.9706,3,0,3,0,2,lost,,
what about red joe?,What about the movie Red Joan?,different,0.9621,13,3,1,0,1.25,corrupted,,
Appointment at the Dreadlocks Salon please.,go to the dreadlocks salon please!,some_details_lost,0.9999,13,1,3,0,1.75,lost,,declarative
"Yup, please can you confirm that you wish to add the event Visit appointment that is schedules on March 8th at 400 East Remington Drive at 3 pm to your calendar, right?","Yes, please confirm that you would like to add the event on March 8th at 400 East Remington Drive.",some_details_lost,0.9999,12,0,2,1,2.333333333,lost,,
"Many thanks. Now, put me in touch with getting tickets for the event, please.",Thank you for your support. Please let me know if you would like to purchase tickets for the event.,different,0.977,3,3,0,0,1,ok,verb,
Destination? Departure date?,Destination:) get out of there?,different,0.9999,12,2,1,0,1.333333333,lost,verb,
No I don't want to now,"No, I do not want to.",some_details_lost,0.9999,13,1,3,0,1.75,ok,time,
i'm going to california on the 1st of this month!,"I'm headed to Sacramento, CA on the 1st of this month.",some_details_lost,0.9966,3,0,3,0,2,lost,,
"I'll need a little more information: what city should I search in, what date would you like to check in, and what date would you like to check out?","i'll need some more info...what city should i search in, what date do u wanna check out and what date?",some_details_lost,0.9854,12,0,2,1,2.333333333,ok,verb,
OK. Standard car from 3:30 pm today until next Monday to be picked up from SFO International Airport. Confirmed?,The standard car will be picked up from the SFO International Airport on Monday. Can you confirm that?,some_details_lost,0.9998,4,0,4,0,2,lost,verb,
My pleasure. Enjoy!,"I'm a pleasure, enjoy!",different,1,3,3,0,0,1,ok,pronoun,
"Yes, Now I want to visit that doctor for which please make an appointment to that doctor on that day at 4 in the evening.","yea, now i wanna go to that doctor for that day at 4 in the night.",some_details_lost,0.9999,14,0,4,1,2.2,corrupted,,
Bon Marche Brasserie& Bar in San Francisco at 11:30am on march 3rd,Please confirm to book a table for 1 at Bon Marche Brasserie& Bar in San Francisco at 11:30 am on March 3rd.,some_details_lost,0.9941,12,1,2,0,1.666666667,ok,,imperative
i found 1 dentist in san leandro. what about astra dental,I found one dentist in San Diego. What about Astra Dental?,OK,0.994,3,0,0,3,3,ok,,
Look for something from San Fran to LA on the 14th.,Look for something from San Fran to Los Angeles on the fourteenth.,OK,0.988,3,0,0,3,3,ok,,
Departure date and city? March 3rd?,"What is the difference between a separate date and a city? March 3rd, what?",different,0.9999,13,3,1,0,1.25,ok,,
I found 2 movies including The Invisibles or Transit?,"I found two movies, including""The Invisibles"" or""Turn.""",some_details_lost,0.9999,12,1,2,0,1.666666667,corrupted,,
Your booking is successful. The total bill is $432 and you can contact them at +1 470-231-3030.,u can book your place and it works.$432 total bill u can call them at 470-231-3030,some_details_lost,0.9999,13,1,3,0,1.75,corrupted,,
"Please confirm your appointment with A A Aesthetics Dental Care at March 5th, 1 pm.","CHECK OUT A A EASY DENTCARE AT MARY 5TH, 1PM.",different,0.9999,13,3,1,0,1.25,lost,,imperative
"Great, scheduling a visit to Bel Air on March 14th",It is great that Bel Air will be hosting a visit on March 14th.,different,0.9555,12,2,0,1,1.666666667,ok,verb,
Want to visit her?,I would like to visit her.,different,0.9999,12,2,0,1,1.666666667,ok,,interrogative
Departure date and place? Return date?,What is the difference between a separate date and a location? Do you want to return the date?,different,0.9999,12,2,1,0,1.333333333,ok,,
At 6 Pm on March 9th there's a Sparks Vs Mystics playing a the STAPLES Center.,"At 6 PM on March 9th, there is a Sparks Vs. Mystics playing at the Sports Center.",some_details_lost,0.9534,13,0,3,1,2.25,corrupted,,
I want to visit next Tuesday,i wanna go to next wed.,different,0.9999,13,3,1,0,1.25,corrupted,,
In Philadelphia the event is called Blueface.,blueface in philippines,different,1,6,6,0,0,1,lost,,
Confirm Find Me on Kitchen speaker.,go to kitchen speaker and say find me.,some_details_lost,0.9899,12,1,2,0,1.666666667,ok,verb,
What do I have going on for Monday next week?,What do I have planned for next week?,OK,0.9863,3,0,0,3,3,ok,,
Where do you want to depart from?,where do u wanna go?,different,0.9999,12,2,0,1,1.666666667,ok,prep,
yea red jennifer sounds awesome!,"Yes, Red Joan sounds great!",different,0.9999,13,3,1,0,1.25,corrupted,,
Do you llke Hotel Mumbai?,Do you want to go to the hotel Mumbai?,some_details_lost,0.9993,12,1,2,0,1.666666667,ok,verb,
when are you traveling,You are traveling when you are traveling.,different,1,6,6,0,0,1,ok,verb,
I plan on leaving next Thursday,i'm going to leave next friday,different,0.9968,13,3,1,0,1.25,corrupted,,
"Yes, they serve alcohol!",yea they drink!,different,0.9999,13,3,1,0,1.25,ok,verb,
I need to leave at morning 7 on the 2nd. I'm going to Philadelphia.,"I need to leave at dawn on the 2nd. I am going to Philadelphia, where I will be attending.",some_details_lost,0.9999,3,0,3,0,2,lost,,
Shall I book it?,Should I book the book?,different,1,3,3,0,0,1,ok,verb,
"I'm going from Las Vegas to Seattle, leaving on the 14th of March",I am going from Las Vegas to Seattle on the fourteenth of March.,OK,0.9974,3,0,0,3,3,ok,,
Child-friendly?,CHILDREN-FEELING?,different,1,6,6,0,0,1,ok,adj,
9:12 and 4:57,The flight will arrive at 9:12 pm and return at 4:57 am.,different,0.9968,3,3,0,0,1,corrupted,,
Destination? Departure city?,Divination? Get rid of this city,different,1,3,3,0,0,1,corrupted,verb,
"please confirm, reserving 1 room at Hampton Inn Las Vegas/Summerlin in Las Vegas with a check in on march 9th and check out on March 14th.",check in on march 9& mart 14:),different,0.9844,13,3,1,0,1.25,lost,,
Ninety-nine dollars.,$93.,different,1,3,3,0,0,1,corrupted,,
until what date and when?,What date and when do you want to go on a date?,different,0.988,13,3,1,0,1.25,ok,prep,